country_name,iso_code,region,total_sites,cultural_sites,natural_sites,mixed_sites,danger_sites,transboundary_sites,site_names,site_ids
Italy,IT,Europe and North America,61,55,6,0,0,7,"['Ancient and Primeval Beech Forests of the Carpathians and Other Regions of Europe', 'Venetian Works of Defence between the 16th and 17th Centuries: <em>Stato da Terra</em> – Western <em>Stato da Mar</em>', 'Historic Centre of Rome, the Properties of the Holy See in that City Enjoying Extraterritorial Rights and San Paolo Fuori le Mura', 'The Porticoes of Bologna', 'Archaeological Area and the Patriarchal Basilica of Aquileia', 'Arab-Norman Palermo and the Cathedral Churches of Cefalú and Monreale', 'Archaeological Area of Agrigento', 'Castel del Monte', 'Assisi, the Basilica of San Francesco and Other Franciscan Sites', 'City of Vicenza and the Palladian Villas of the Veneto', 'Evaporitic Karst and Caves of Northern Apennines', 'Early Christian Monuments of Ravenna', 'Historic Centre of Siena', 'Padua’s fourteenth-century fresco cycles', 'Monte San Giorgio', 'Rhaetian Railway in the Albula / Bernina Landscapes', 'The Sassi and the Park of the Rupestrian Churches of Matera', 'Villa Adriana (Tivoli)', 'Villa Romana del Casale', 'Vineyard Landscape of Piedmont: Langhe-Roero and Monferrato', 'Prehistoric Pile Dwellings around the Alps', '<I>Sacri Monti</I> of Piedmont and Lombardy', 'Archaeological Areas of Pompei, Herculaneum and Torre Annunziata', 'Cilento and Vallo di Diano National Park with the Archeological Sites of Paestum and Velia, and the Certosa di Padula', 'City of Verona', 'Church and Dominican Convent of Santa Maria delle Grazie with “The Last Supper” by Leonardo da Vinci', ""Crespi d'Adda"", 'Etruscan Necropolises of Cerveteri and Tarquinia', 'Genoa: <i>Le Strade Nuove</i> and the system of the<i> Palazzi dei Rolli</i>', 'Historic Centre of Naples', 'Historic Centre of San Gimignano', 'Isole Eolie (Aeolian Islands)', 'Ivrea, industrial city of the 20th century', 'Mantua and Sabbioneta', 'Portovenere, Cinque Terre, and the Islands (Palmaria, Tino and Tinetto)', 'Mount Etna', 'Piazza del Duomo, Pisa', 'Rock Drawings in Valcamonica', 'The <I>Trulli</I> of Alberobello', ""Val d'Orcia"", 'Venice and its Lagoon', 'The Great Spa Towns of Europe', 'Via Appia. <em>Regina Viarum</em>', '18th-Century Royal Palace at Caserta with the Park, the Aqueduct of Vanvitelli, and the San Leucio Complex', 'Botanical Garden (Orto Botanico), Padua', 'Cathedral, Torre Civica and Piazza Grande, Modena', 'Costiera Amalfitana', 'Ferrara, City of the Renaissance, and its Po Delta', 'Historic Centre of Florence', 'Funerary Tradition in the Prehistory of Sardinia – <em>The domus de janas</em>', 'Historic Centre of the City of Pienza', 'Historic Centre of Urbino', 'Longobards in Italy. Places of the Power (568-774 A.D.)', 'Medici Villas and Gardens in Tuscany', 'Late Baroque Towns of the Val di Noto (South-Eastern Sicily)', 'Le Colline del Prosecco di Conegliano e Valdobbiadene', 'Residences of the Royal House of Savoy', 'Syracuse and the Rocky Necropolis of Pantalica', 'Su Nuraxi di Barumini', 'The Dolomites', ""Villa d'Este, Tivoli""]","['1133', '1533', '91', '1650', '825', '1487', '831', '398', '990', '712', '1692', '788', '717', '1623', '1090', '1276', '670', '907', '832', '1390', '1363', '1068', '829', '842', '797', '93', '730', '1158', '1211', '726', '550', '908', '1538', '1287', '826', '1427', '395', '94', '787', '1026', '394', '1613', '1708', '549', '824', '827', '830', '733', '174', '1730', '789', '828', '1318', '175', '1024', '1571', '823', '1200', '833', '1237', '1025']"
China,CN,Asia and the Pacific,60,41,15,4,0,1,"['Ancient Building Complex in the Wudang Mountains', 'Classical Gardens of Suzhou', 'Dazu Rock Carvings', 'Cultural Landscape of Old Tea Forests of the Jingmai Mountain in Pu’er', 'Jiuzhaigou Valley Scenic and Historic Interest Area', 'Imperial Tombs of the Ming and Qing Dynasties', 'Longmen Grottoes', 'Mount Sanqingshan National Park', 'Mount Qingcheng and the Dujiangyan Irrigation System', 'Mountain Resort and its Outlying Temples, Chengde', 'Mount Wuyi', 'Old Town of Lijiang', 'Three Parallel Rivers of Yunnan Protected Areas', 'West Lake Cultural Landscape of Hangzhou', 'Tusi Sites', 'Yin Xu', 'Kulangsu, a Historic International Settlement', 'Archaeological Ruins of Liangzhu City', 'Beijing Central Axis: A Building Ensemble Exhibiting the Ideal Order of the Chinese Capital', 'Ancient Villages in Southern Anhui – Xidi and Hongcun', 'Chengjiang Fossil Site', 'Capital Cities and Tombs of the Ancient Koguryo Kingdom', 'China Danxia', 'Fujian <em>Tulou</em>', 'Historic Centre of Macao', 'Imperial Palaces of the Ming and Qing Dynasties in Beijing and Shenyang', 'Huanglong Scenic and Historic Interest Area', 'Historic Monuments of Dengfeng in “The Centre of Heaven and Earth”', 'Mausoleum of the First Qin Emperor', 'Migratory Bird Sanctuaries along the Coast of Yellow Sea-Bohai Gulf of China', 'Lushan National Park', 'Mount Huangshan', 'Mount Taishan', 'Mount Wutai', 'Peking Man Site at Zhoukoudian', 'South China Karst', 'Quanzhou: Emporium of the World in Song-Yuan China', 'The Grand Canal', 'Temple of Heaven: an Imperial Sacrificial Altar in Beijing', 'Summer Palace, an Imperial Garden in Beijing', 'Xixia Imperial Tombs', 'Yungang Grottoes', 'Zuojiang Huashan Rock Art Cultural Landscape', 'Fanjingshan', 'Badain Jaran Desert - Towers of Sand and Lakes', 'Ancient City of Ping Yao', 'Cultural Landscape of Honghe Hani Rice Terraces', 'Hubei Shennongjia', 'Historic Ensemble of the Potala Palace, Lhasa', 'Kaiping Diaolou and Villages', 'Mogao Caves', 'Mount Emei Scenic Area, including Leshan Giant Buddha Scenic Area', 'Qinghai Hoh Xil', 'Site of Xanadu', ""Silk Roads: the Routes Network of Chang'an-Tianshan Corridor"", 'Sichuan Giant Panda Sanctuaries - Wolong, Mt Siguniang and Jiajin Mountains', 'Temple and Cemetery of Confucius and the Kong Family Mansion in Qufu', 'The Great Wall', 'Xinjiang Tianshan', 'Wulingyuan Scenic and Historic Interest Area']","['705', '813', '912', '1665', '637', '1004', '1003', '1292', '1001', '703', '911', '811', '1083', '1334', '1474', '1114', '1541', '1592', '1714', '1002', '1388', '1135', '1335', '1113', '1110', '439', '638', '1305', '441', '1606', '778', '547', '437', '1279', '449', '1248', '1561', '1443', '881', '880', '1736', '1039', '1508', '1559', '1638', '812', '1111', '1509', '707', '1112', '440', '779', '1540', '1389', '1442', '1213', '704', '438', '1414', '640']"
Germany,DE,Europe and North America,55,52,3,0,0,11,"['Ancient and Primeval Beech Forests of the Carpathians and Other Regions of Europe', 'Frontiers of the Roman Empire – The Danube Limes (Western Segment)', 'Wadden Sea', 'Abbey and Altenmünster of Lorsch', 'Bergpark Wilhelmshöhe', 'Collegiate Church, Castle and Old Town of Quedlinburg', 'Cologne Cathedral', 'Classical Weimar', 'Garden Kingdom of Dessau-Wörlitz', 'Margravial Opera House Bayreuth', 'Jewish-Medieval Heritage of Erfurt', 'Museumsinsel (Museum Island), Berlin', 'Messel Pit Fossil Site', 'Pilgrimage Church of Wies', 'Schwerin Residence Ensemble', 'Speyer Cathedral', 'Town of Bamberg', 'Prehistoric Pile Dwellings around the Alps', 'Moravian Church Settlements', 'Archaeological Border complex of Hedeby and the Danevirke', 'Berlin Modernism Housing Estates', 'Bauhaus and its Sites in Weimar, Dessau and Bernau', 'Caves and Ice Age Art in the Swabian Jura', 'Fagus Factory in Alfeld', 'Frontiers of the Roman Empire', 'Historic Centres of Stralsund and Wismar', 'Monastic Island of Reichenau', 'Naumburg Cathedral', 'Palaces and Parks of Potsdam and Berlin', 'Roman Monuments, Cathedral of St Peter and Church of Our Lady in Trier', 'Speicherstadt and Kontorhaus District with Chilehaus', ""St Mary's Cathedral and St Michael's Church at Hildesheim"", 'The Palaces of King Ludwig II of Bavaria: Neuschwanstein, Linderhof, Schachen and Herrenchiemsee', 'Wartburg Castle', 'Zollverein Coal Mine Industrial Complex in Essen', 'The Architectural Work of Le Corbusier, an Outstanding Contribution to the Modern Movement', 'The Great Spa Towns of Europe', 'Erzgebirge/Krušnohoří Mining Region', 'Aachen Cathedral', 'Carolingian Westwork and Civitas Corvey', 'Castles of Augustusburg and Falkenlust at Brühl', 'Frontiers of the Roman Empire – The Lower German Limes', 'Hanseatic City of Lübeck', 'Mathildenhöhe Darmstadt', 'Luther Memorials in Eisleben and Wittenberg', 'Mines of Rammelsberg, Historic Town of Goslar and Upper Harz Water Management System', 'Maulbronn Monastery Complex', 'Muskauer Park / Park Mużakowski', 'Old town of Regensburg with Stadtamhof', 'ShUM Sites of Speyer, Worms and Mainz', 'Upper Middle Rhine Valley', 'Town Hall and Roland on the Marketplace of Bremen', 'Völklingen Ironworks', 'Würzburg Residence with the Court Gardens and Residence Square', 'Water Management System of Augsburg']","['1133', '1608', '1314', '515', '1413', '535', '292', '846', '534', '1379', '1656', '896', '720', '271', '1705', '168', '624', '1363', '1468', '1553', '1239', '729', '1527', '1368', '430', '1067', '974', '1470', '532', '367', '1467', '187', '1726', '897', '975', '1321', '1613', '1478', '3', '1447', '288', '1631', '272', '1614', '783', '623', '546', '1127', '1155', '1636', '1066', '1087', '687', '169', '1580']"
France,FR,Europe and North America,54,45,7,2,0,7,"['Ancient and Primeval Beech Forests of the Carpathians and Other Regions of Europe', 'Funerary and memory sites of the First World War (Western Front)', 'Historic Fortified City of Carcassonne', 'Megaliths of Carnac and of the shores of Morbihan', 'Mont-Saint-Michel and its Bay', 'Nord-Pas de Calais Mining Basin', 'Palace and Park of Fontainebleau', 'Pitons, cirques and remparts of Reunion Island', 'Provins, Town of Medieval Fairs', 'Taputapuātea', 'The Causses and the Cévennes, Mediterranean agro-pastoral Cultural Landscape', 'Strasbourg, Grande-Île and <em>Neustadt</em>', 'Volcanoes and Forests of Mount Pelée and the Pitons of Northern Martinique', 'The Climats, terroirs of Burgundy', 'The Loire Valley between Sully-sur-Loire and Chalonnes', 'Prehistoric Pile Dwellings around the Alps', 'Belfries of Belgium and France', 'Amiens Cathedral', 'Arles, Roman and Romanesque Monuments', 'Cathedral of Notre-Dame, Former Abbey of Saint-Rémi and Palace of Tau, Reims', 'Canal du Midi', 'Cistercian Abbey of Fontenay', 'Cordouan Lighthouse', 'Chartres Cathedral', 'Decorated Cave of Pont d’Arc, known as Grotte Chauvet-Pont d’Arc, Ardèche', 'From the Great Saltworks of Salins-les-Bains to the Royal Saltworks of Arc-et-Senans, the Production of Open-pan Salt', 'Gulf of Porto: Calanche of Piana, Gulf of Girolata, Scandola Reserve', 'Episcopal City of Albi', 'Historic Site of Lyon', 'Historic Centre of Avignon: Papal Palace, Episcopal Ensemble and Avignon Bridge', 'Nice, Winter Resort Town of the Riviera', ""Place Stanislas, Place de la Carrière and Place d'Alliance in Nancy"", 'Pyrénées - Mont Perdu', 'Pont du Gard (Roman Aqueduct)', 'Prehistoric Sites and Decorated Caves of the Vézère Valley', 'Te Henua Enata – The Marquesas Islands', 'Routes of Santiago de Compostela in France', 'Vézelay, Church and Hill', 'The Architectural Work of Le Corbusier, an Outstanding Contribution to the Modern Movement', 'The Great Spa Towns of Europe', 'Champagne Hillsides, Houses and Cellars', 'Abbey Church of Saint-Savin sur Gartempe', 'Bourges Cathedral', 'Chaîne des Puys - Limagne fault tectonic arena', 'Bordeaux, Port of the Moon', 'French Austral Lands and Seas', 'Fortifications of Vauban', 'Jurisdiction of Saint-Emilion', 'Lagoons of New Caledonia: Reef Diversity and Associated Ecosystems', 'Le Havre, the City Rebuilt by Auguste Perret', 'Palace and Park of Versailles', 'Paris, Banks of the Seine', 'Roman Theatre and its Surroundings and the Triumphal Arch of Orange', 'The Maison Carrée of Nîmes']","['1133', '1567', '345', '1725', '80', '1360', '160', '1317', '873', '1529', '1153', '495', '1657', '1425', '933', '1363', '943', '162', '164', '601', '770', '165', '1625', '81', '1426', '203', '258', '1337', '872', '228', '1635', '229', '773', '344', '85', '1707', '868', '84', '1321', '1613', '1465', '230', '635', '1434', '1256', '1603', '1283', '932', '1115', '1181', '83', '600', '163', '1569']"
Spain,ES,Europe and North America,50,44,4,2,0,4,"['Ancient and Primeval Beech Forests of the Carpathians and Other Regions of Europe', 'Antequera Dolmens Site', 'Aranjuez Cultural Landscape', 'Archaeological Ensemble of Mérida', 'Archaeological Site of Atapuerca', 'Archaeological Ensemble of Tarraco', 'Cultural Landscape of the Serra de Tramuntana', 'Ibiza, Biodiversity and Culture', 'Las Médulas', 'Mudejar Architecture of Aragon', 'Old Town of Ávila with its Extra-Muros Churches', 'Old Town of Cáceres', 'Old City of Salamanca', 'Palau de la Música Catalana and Hospital de Sant Pau, Barcelona', 'San Cristóbal de La Laguna', 'University and Historic Precinct of Alcalá de Henares', 'Pyrénées - Mont Perdu', 'Prehistoric Rock Art Sites in the Côa Valley and Siega Verde', 'Catalan Romanesque Churches of the Vall de Boí', 'Cave of Altamira and Paleolithic Cave Art of Northern Spain', 'Historic City of Toledo', 'Historic Walled Town of Cuenca', 'Garajonay National Park', 'Renaissance Monumental Ensembles of Úbeda and Baeza', 'Royal Monastery of Santa María de Guadalupe', 'Routes of Santiago de Compostela: <i>Camino Francés</i> and Routes of Northern Spain', 'Risco Caido and the Sacred Mountains of Gran Canaria Cultural Landscape', 'Talayotic Menorca', 'Teide National Park', 'Santiago de Compostela (Old Town)', 'Works of Antoni Gaudí', 'Tower of Hercules', 'Vizcaya Bridge', 'Heritage of Mercury. Almadén and Idrija', 'Alhambra, Generalife and Albayzín, Granada', 'Burgos Cathedral', 'Caliphate City of Medina Azahara', 'Cathedral, Alcázar and Archivo de Indias in Seville', 'Doñana National Park', 'Historic Centre of Cordoba', 'Monuments of Oviedo and the Kingdom of the Asturias', 'La Lonja de la Seda de Valencia', 'Monastery and Site of the Escurial, Madrid', 'Old Town of Segovia and its Aqueduct', 'Poblet Monastery', 'Paseo del Prado and Buen Retiro, a landscape of Arts and Sciences', 'Palmeral of Elche', 'Roman Walls of Lugo', 'Rock Art of the Mediterranean Basin on the Iberian Peninsula', 'San Millán Yuso and Suso Monasteries']","['1133', '1501', '1044', '664', '989', '875', '1371', '417', '803', '378', '348', '384', '381', '804', '929', '876', '773', '866', '988', '310', '379', '781', '380', '522', '665', '669', '1578', '1528', '1258', '347', '320', '1312', '1217', '1313', '314', '316', '1560', '383', '685', '313', '312', '782', '318', '311', '518', '1618', '930', '987', '874', '805']"
India,IN,Asia and the Pacific,44,36,7,1,0,1,"['Ajanta Caves', 'Archaeological Site of Nalanda Mahavihara at Nalanda, Bihar', 'Buddhist Monuments at Sanchi', 'Churches and Convents of Goa', 'Dholavira: a Harappan City', 'Fatehpur Sikri', 'Great Living Chola Temples', 'Great Himalayan National Park Conservation Area', 'Group of Monuments at Hampi', ""Humayun's Tomb, Delhi"", 'Khajuraho Group of Monuments', 'Khangchendzonga National Park', 'Maratha Military Landscapes of India', 'Victorian Gothic and Art Deco Ensembles of Mumbai', 'Agra Fort', 'Elephanta Caves', 'Group of Monuments at Mahabalipuram', 'Jaipur City, Rajasthan', 'Moidams – the Mound-Burial System of the Ahom Dynasty', 'Qutb Minar and its Monuments, Delhi', 'Sacred Ensembles of the Hoysalas', 'Santiniketan', 'The Jantar Mantar, Jaipur', 'Sundarbans National Park', 'Western Ghats', 'The Architectural Work of Le Corbusier, an Outstanding Contribution to the Modern Movement', 'Champaner-Pavagadh Archaeological Park', 'Chhatrapati Shivaji Terminus (formerly Victoria Terminus)', 'Ellora Caves', 'Group of Monuments at Pattadakal', 'Hill Forts of Rajasthan', 'Historic City of Ahmadabad', 'Kakatiya Rudreshwara (Ramappa) Temple, Telangana', 'Kaziranga National Park', 'Keoladeo National Park', 'Mahabodhi Temple Complex at Bodh Gaya', 'Manas Wildlife Sanctuary', 'Nanda Devi and Valley of Flowers National Parks', 'Rani-ki-Vav (the Queen’s Stepwell) at Patan, Gujarat', 'Mountain Railways of India', 'Sun Temple, Konârak', 'Red Fort Complex', 'Rock Shelters of Bhimbetka', 'Taj Mahal']","['242', '1502', '524', '234', '1645', '255', '250', '1406', '241', '232', '240', '1513', '1739', '1480', '251', '244', '249', '1605', '1711', '233', '1670', '1375', '1338', '452', '1342', '1321', '1101', '945', '243', '239', '247', '1551', '1570', '337', '340', '1056', '338', '335', '922', '944', '246', '231', '925', '252']"
Mexico,MX,Latin America and the Caribbean,36,28,6,2,1,0,"['Agave Landscape and Ancient Industrial Facilities of Tequila', 'Archaeological Zone of Paquimé, Casas Grandes', 'Archipiélago de Revillagigedo', 'El Pinacate and Gran Desierto de Altar Biosphere Reserve', 'Historic Centre of Zacatecas', 'Historic Centre of Mexico City and Xochimilco', 'Historic Centre of Puebla', 'Historic Town of Guanajuato and Adjacent Mines', 'Historic Monuments Zone of Tlacotalpan', 'Pre-Hispanic City and National Park of Palenque', 'Islands and Protected Areas of the Gulf of California', 'Pre-Hispanic City of Chichen-Itza', 'Protective town of San Miguel and the Sanctuary of Jesús Nazareno de Atotonilco', 'Wixárika Route through Sacred Sites to Wirikuta (Tatehuarí Huajuyé)', 'Ancient Maya City and Protected Tropical Forests of Calakmul, Campeche', 'Archaeological Monuments Zone of Xochicalco', 'Aqueduct of Padre Tembleque Hydraulic System', 'Camino Real de Tierra Adentro', 'Historic Centre of Morelia', 'Historic Fortified Town of Campeche', 'Pre-Hispanic Town of Uxmal', 'Whale Sanctuary of El Vizcaino', 'Earliest 16th-Century Monasteries on the Slopes of Popocatepetl', 'El Tajin, Pre-Hispanic City', 'Central University City Campus of the <i>Universidad Nacional Autónoma de México</i> (UNAM)', 'Franciscan Missions in the Sierra Gorda of Querétaro', 'Historic Centre of Oaxaca and Archaeological Site of Monte Albán', 'Hospicio Cabañas, Guadalajara', 'Historic Monuments Zone of Querétaro', 'Luis Barragán House and Studio', 'Monarch Butterfly Biosphere Reserve', 'Prehistoric Caves of Yagul and Mitla in the Central Valley of Oaxaca', 'Rock Paintings of the Sierra de San Francisco', 'Pre-Hispanic City of Teotihuacan', 'Tehuacán-Cuicatlán Valley: originary habitat of Mesoamerica', ""Sian Ka'an""]","['1209', '560', '1510', '1410', '676', '412', '416', '482', '862', '411', '1182', '483', '1274', '1704', '1061', '939', '1463', '1351', '585', '895', '791', '554', '702', '631', '1250', '1079', '415', '815', '792', '1136', '1290', '1352', '714', '414', '1534', '410']"
United Kingdom of Great Britain and Northern Ireland,GB,Europe and North America,35,29,5,1,0,3,"['Blenheim Palace', 'Castles and Town Walls of King Edward in Gwynedd', 'Cornwall and West Devon Mining Landscape', 'Gough and Inaccessible Islands', 'Maritime Greenwich', 'Historic Town of St George and Related Fortifications, Bermuda', 'Ironbridge Gorge', 'Royal Botanic Gardens, Kew', 'Pontcysyllte Aqueduct and Canal', 'Studley Royal Park including the Ruins of Fountains Abbey', 'The English Lake District', 'Moravian Church Settlements', 'Frontiers of the Roman Empire', 'Dorset and East Devon Coast', 'Derwent Valley Mills', 'City of Bath', 'Henderson Island', 'Stonehenge, Avebury and Associated Sites', 'St Kilda', 'The Flow Country', 'The Great Spa Towns of Europe', 'Blaenavon Industrial Landscape', ""Canterbury Cathedral, St Augustine's Abbey, and St Martin's Church"", ""Giant's Causeway and Causeway Coast"", 'Durham Castle and Cathedral', 'Heart of Neolithic Orkney', ""Gorham's Cave Complex"", 'Jodrell Bank Observatory', 'Palace of Westminster and Westminster Abbey including Saint Margaret’s Church', 'New Lanark', 'Old and New Towns of Edinburgh', 'Saltaire', 'The Forth Bridge', 'Tower of London', 'The Slate Landscape of Northwest Wales']","['425', '374', '1215', '740', '795', '983', '371', '1084', '1303', '372', '422', '1468', '430', '1029', '1030', '428', '487', '373', '387', '1722', '1613', '984', '496', '369', '370', '514', '1500', '1594', '426', '429', '728', '1028', '1485', '488', '1633']"
Russian Federation,RU,Europe and North America,33,22,11,0,0,4,"['Uvs Nuur Basin', 'Churches of the Pskov School of Architecture', 'Church of the Ascension, Kolomenskoye', 'Citadel, Ancient City and Fortress Buildings of Derbent', 'Cultural and Historic Ensemble of the Solovetsky Islands', 'Historic and Architectural Complex of the Kazan Kremlin', 'Lake Baikal', 'Petroglyphs of Lake Onega and the White Sea', 'Rock Paintings of Shulgan-Tash Cave', 'Virgin Komi Forests', 'White Monuments of Vladimir and Suzdal', 'Bolgar Historical and Archaeological Complex', 'Curonian Spit', 'Landscapes of Dauria', 'Central Sikhote-Alin', 'Astronomical Observatories of Kazan Federal University', 'Ensemble of the Novodevichy Convent', 'Historic Monuments of Novgorod and Surroundings', 'Historical Centre of the City of Yaroslavl', 'Historic Centre of Saint Petersburg and Related Groups of Monuments', 'Golden Mountains of Altai', 'Natural System of Wrangel Island Reserve', 'Lena Pillars Nature Park', 'Kremlin and Red Square, Moscow', 'Volcanoes of Kamchatka', 'Putorana Plateau', 'Struve Geodetic Arc', 'Assumption Cathedral and Monastery of the town-island of Sviyazhsk', 'Architectural Ensemble of the Trinity Sergius Lavra in Sergiev Posad', 'Cultural Landscape of Kenozero Lake', 'Ensemble of the Ferapontov Monastery', 'Kizhi Pogost', 'Western Caucasus']","['769', '1523', '634', '1070', '632', '980', '754', '1654', '1743', '719', '633', '981', '994', '1448', '766', '1678', '1097', '604', '1170', '540', '768', '1023', '1299', '545', '765', '1234', '1187', '1525', '657', '1688', '982', '544', '900']"
Iran (Islamic Republic of),IR,Asia and the Pacific,29,27,2,0,0,1,"['Hyrcanian Forests', 'Sassanid Archaeological Landscape of Fars Region', 'Historic City of Yazd', 'Persepolis', 'Shushtar Historical Hydraulic System', 'Takht-e Soleyman', 'Susa', 'Tchogha Zanbil', 'Bam and its Cultural Landscape', 'Bisotun', 'Cultural Landscape of Maymand', 'Golestan Palace', 'Hegmataneh', 'Prehistoric Sites of the Khorramabad Valley', 'Masjed-e Jāmé of Isfahan', 'Meidan Emam, Esfahan', 'Shahr-i Sokhta', 'Soltaniyeh', 'The Persian Qanat', 'The Persian Garden', 'Armenian Monastic Ensembles of Iran', 'Cultural Landscape of Hawraman/Uramanat', 'Gonbad-e Qābus', 'Lut Desert', 'Pasargadae', 'Sheikh Safi al-din Khānegāh and Shrine Ensemble in Ardabil', 'The Persian Caravanserai', 'Tabriz Historic Bazaar Complex', 'Trans-Iranian Railway']","['1584', '1568', '1544', '114', '1315', '1077', '1455', '113', '1208', '1222', '1423', '1422', '1716', '1744', '1397', '115', '1456', '1188', '1506', '1372', '1262', '1647', '1398', '1505', '1106', '1345', '1668', '1346', '1585']"
United States of America,US,Europe and North America,26,13,12,1,1,3,"['Kluane / Wrangell-St. Elias / Glacier Bay / Tatshenshini-Alsek', 'Carlsbad Caverns National Park', 'Hawaii Volcanoes National Park', 'Grand Canyon National Park', 'Mesa Verde National Park', 'La Fortaleza and San Juan National Historic Site in Puerto Rico', 'Redwood National and State Parks', 'Statue of Liberty', 'Papahānaumokuākea', 'Yosemite National Park', 'Yellowstone National Park', 'Moravian Church Settlements', 'Chaco Culture', 'Everglades National Park', 'Hopewell Ceremonial Earthworks', 'Great Smoky Mountains National Park', 'Monticello and the University of Virginia in Charlottesville', 'Mammoth Cave National Park', 'Olympic National Park', 'Taos Pueblo', 'Waterton Glacier International Peace Park', 'Cahokia Mounds State Historic Site', 'Independence Hall', 'Monumental Earthworks of Poverty Point', 'San Antonio Missions', 'The 20th-Century Architecture of Frank Lloyd Wright']","['72', '721', '409', '75', '27', '266', '134', '307', '1326', '308', '28', '1468', '353', '76', '1689', '259', '442', '150', '151', '492', '354', '198', '78', '1435', '1466', '1496']"
Japan,JP,Asia and the Pacific,26,21,5,0,0,1,"['Amami-Oshima Island, Tokunoshima Island, Northern part of Okinawa Island, and Iriomote Island', 'Hiraizumi – Temples, Gardens and Archaeological Sites Representing the Buddhist Pure Land', 'Historic Villages of Shirakawa-go and Gokayama', 'Sacred Sites and Pilgrimage Routes in the Kii Mountain Range', 'Buddhist Monuments in the Horyu-ji Area', 'Itsukushima Shinto Shrine', 'Hiroshima Peace Memorial (Genbaku Dome)', 'Historic Monuments of Ancient Nara', 'Ogasawara Islands', 'Mozu-Furuichi Kofun Group: Mounded Tombs of Ancient Japan', 'Sacred Island of Okinoshima and Associated Sites in the Munakata Region', 'Jomon Prehistoric Sites in Northern Japan', 'Sado Island Gold Mines', 'Shrines and Temples of Nikko', 'Shirakami-Sanchi', 'Shiretoko', 'Yakushima', 'Tomioka Silk Mill and Related Sites', 'The Architectural Work of Le Corbusier, an Outstanding Contribution to the Modern Movement', 'Fujisan, sacred place and source of artistic inspiration', 'Gusuku Sites and Related Properties of the Kingdom of Ryukyu', 'Hidden Christian Sites in the Nagasaki Region', 'Himeji-jo', 'Historic Monuments of Ancient Kyoto (Kyoto, Uji and Otsu Cities)', 'Iwami Ginzan Silver Mine and its Cultural Landscape', 'Sites of Japan’s Meiji Industrial Revolution: Iron and Steel, Shipbuilding and Coal Mining']","['1574', '1277', '734', '1142', '660', '776', '775', '870', '1362', '1593', '1535', '1632', '1698', '913', '663', '1193', '662', '1449', '1321', '1418', '972', '1495', '661', '688', '1246', '1484']"
Brazil,BR,Latin America and the Caribbean,25,15,9,1,0,1,"['Jesuit Missions of the Guaranis: San Ignacio Mini, Santa Ana, Nuestra Señora de Loreto and Santa Maria Mayor (Argentina), Ruins of Sao Miguel das Missoes (Brazil)', 'Atlantic Forest South-East Reserves', 'Central Amazon Conservation Complex', 'Cerrado Protected Areas: Chapada dos Veadeiros and Emas National Parks', 'Serra da Capivara National Park', 'Sanctuary of Bom Jesus do Congonhas', 'Brasilia', 'Discovery Coast Atlantic Forest Reserves', 'Brazilian Atlantic Islands: Fernando de Noronha and Atol das Rocas Reserves', 'Historic Centre of the Town of Olinda', 'Historic Centre of the Town of Goiás', 'Pampulha Modern Ensemble', 'Pantanal Conservation Area', 'Paraty and Ilha Grande – Culture and Biodiversity', 'Rio de Janeiro: Carioca Landscapes between the Mountain and the Sea', 'Peruaçu River Canyon', 'Valongo Wharf Archaeological Site', 'Sítio Roberto Burle Marx', 'Historic Centre of Salvador de Bahia', 'Historic Centre of the Town of Diamantina', 'Historic Town of Ouro Preto', 'Historic Centre of São Luís', 'Lençóis Maranhenses National Park', 'Iguaçu National Park', 'São Francisco Square in the Town of São Cristóvão']","['275', '893', '998', '1035', '606', '334', '445', '892', '1000', '189', '993', '1493', '999', '1308', '1100', '1747', '1548', '1620', '309', '890', '124', '821', '1611', '355', '1272']"
Canada,CA,Europe and North America,22,10,11,1,0,2,"['Anticosti', 'Kluane / Wrangell-St. Elias / Glacier Bay / Tatshenshini-Alsek', 'Miguasha National Park', 'Old Town Lunenburg', 'S<U>G</U>ang Gwaay', 'Wood Buffalo National Park', 'Dinosaur Provincial Park', 'Gros Morne National Park', 'Mistaken Point', 'L’Anse aux Meadows National Historic Site', 'Red Bay Basque Whaling Station', 'Nahanni National Park', 'Pimachiowin Aki', 'Writing-on-Stone / Áísínai’pi', 'Tr’ondëk-Klondike', 'Canadian Rocky Mountain Parks', 'Head-Smashed-In Buffalo Jump', 'Historic District of Old Québec', 'Joggins Fossil Cliffs', 'Landscape of Grand Pré', 'Rideau Canal', 'Waterton Glacier International Peace Park']","['1686', '72', '686', '741', '157', '256', '71', '419', '1497', '4', '1412', '24', '1415', '1597', '1564', '304', '158', '300', '1285', '1404', '1221', '354']"
Türkiye,TR,Europe and North America,22,20,0,2,0,0,"['Archaeological Site of Ani', 'Aphrodisias', 'Bursa and Cumalıkızık: the Birth of the Ottoman Empire', 'Ephesus', 'Gordion', 'Göreme National Park and the Rock Sites of Cappadocia', 'Xanthos-Letoon', 'Sardis and the Lydian Tumuli of Bin Tepe', 'Göbekli Tepe', 'Great Mosque and Hospital of Divriği', 'Pergamon and its Multi-Layered Cultural Landscape', 'Historic Areas of Istanbul', 'Archaeological Site of Troy', 'Diyarbakır Fortress and Hevsel Gardens Cultural Landscape', 'Arslantepe Mound', 'City of Safranbolu', 'Hattusha: the Hittite Capital', 'Neolithic Site of Çatalhöyük', 'Hierapolis-Pamukkale', 'Nemrut Dağ', 'Selimiye Mosque and its Social Complex', 'Wooden Hypostyle Mosques of Medieval Anatolia']","['1518', '1519', '1452', '1018', '1669', '357', '484', '1731', '1572', '358', '1457', '356', '849', '1488', '1622', '614', '377', '1405', '485', '448', '1366', '1694']"
Australia,AU,Asia and the Pacific,21,5,12,4,0,0,"['Budj Bim Cultural Landscape', 'Gondwana Rainforests of Australia', 'Heard and McDonald Islands', 'Murujuga Cultural Landscape', 'Macquarie Island', 'Purnululu National Park', 'Willandra Lakes Region', 'Australian Fossil Mammal Sites (Riversleigh / Naracoorte)', 'Australian Convict Sites', 'Greater Blue Mountains Area', 'Kakadu National Park', 'Great Barrier Reef', 'Ningaloo Coast', 'Lord Howe Island Group', 'Shark Bay, Western Australia', 'Sydney Opera House', 'Royal Exhibition Building and Carlton Gardens', 'Wet Tropics of Queensland', 'K’gari', 'Ulu<U>r</U>u-Kata Tju<U>t</U>a National Park', 'Tasmanian Wilderness']","['1577', '368', '577', '1709', '629', '1094', '167', '698', '1306', '917', '147', '154', '1369', '186', '578', '166', '1131', '486', '630', '447', '181']"
Greece,GR,Europe and North America,20,18,0,2,0,0,"['Archaeological Site of Delphi', 'Acropolis, Athens', 'Archaeological Site of Aigai (modern name Vergina)', 'Archaeological Site of Olympia', 'Archaeological Site of Mystras', 'Minoan Palatial Centres', 'Monasteries of Daphni, Hosios Loukas and Nea Moni of Chios', 'Sanctuary of Asklepios at Epidaurus', 'Paleochristian and Byzantine Monuments of Thessalonika', 'Old Town of Corfu', 'Archaeological Sites of Mycenae and Tiryns', 'Meteora', 'Medieval City of Rhodes', 'Delos', 'Archaeological Site of Philippi', 'Mount Athos', 'Pythagoreion and Heraion of Samos', 'Temple of Apollo Epicurius at Bassae', 'The Historic Centre (Chorá) with the Monastery of Saint-John the Theologian and the Cave of the Apocalypse on the Island of Pátmos', 'Zagori Cultural Landscape']","['393', '404', '780', '517', '511', '1733', '537', '491', '456', '978', '941', '455', '493', '530', '1517', '454', '595', '392', '942', '1695']"
Poland,PL,Europe and North America,17,15,2,0,0,4,"['Ancient and Primeval Beech Forests of the Carpathians and Other Regions of Europe', 'Castle of the Teutonic Order in Malbork', 'Kalwaria Zebrzydowska: the Mannerist Architectural and Park Landscape Complex and Pilgrimage Park', 'Wooden <em>Tserkvas</em> of the Carpathian Region in Poland and Ukraine', 'Churches of Peace in Jawor and Świdnica', 'Centennial Hall in Wrocław', 'Historic Centre of Warsaw', 'Historic Centre of Kraków', 'Medieval Town of Toruń', 'Tarnowskie Góry Lead-Silver-Zinc Mine and its Underground Water Management System', 'Krzemionki Prehistoric Striped Flint Mining Region', 'Wooden Churches of Southern Małopolska', 'Wieliczka and Bochnia Royal Salt Mines', 'Białowieża Forest', 'Muskauer Park / Park Mużakowski', 'Auschwitz Birkenau <br /><small>German Nazi Concentration and Extermination Camp (1940-1945)</small>', 'Old City of Zamość']","['1133', '847', '905', '1424', '1054', '1165', '30', '29', '835', '1539', '1599', '1053', '32', '33', '1127', '31', '564']"
Czechia,CZ,Europe and North America,17,16,1,0,0,3,"['Ancient and Primeval Beech Forests of the Carpathians and Other Regions of Europe', 'Holy Trinity Column in Olomouc', 'Holašovice Historic Village', 'Kutná Hora: Historical Town Centre with the Church of St Barbara and the Cathedral of Our Lady at Sedlec', ""Jewish Quarter and St Procopius' Basilica in Třebíč"", 'Pilgrimage Church of St John of Nepomuk at Zelená Hora', 'Lednice-Valtice Cultural Landscape', 'Žatec and the Landscape of Saaz Hops', 'The Great Spa Towns of Europe', 'Gardens and Castle at Kroměříž', 'Historic Centre of Český Krumlov', 'Erzgebirge/Krušnohoří Mining Region', 'Historic Centre of Prague', 'Historic Centre of Telč', 'Litomyšl Castle', 'Landscape for Breeding and Training of Ceremonial Carriage Horses at Kladruby nad Labem', 'Tugendhat Villa in Brno']","['1133', '859', '861', '732', '1078', '690', '763', '1558', '1613', '860', '617', '1478', '616', '621', '901', '1589', '1052']"
Portugal,PT,Europe and North America,17,16,1,0,0,1,"['Historic Centre of Évora', 'Landscape of the Pico Island Vineyard Culture', 'University of Coimbra – Alta and Sofia', 'Sanctuary of Bom Jesus do Monte in Braga', 'Alto Douro Wine Region', 'Central Zone of the Town of Angra do Heroismo in the Azores', 'Cultural Landscape of Sintra', 'Garrison Border Town of Elvas and its Fortifications', 'Historic Centre of Guimarães and Couros Zone', 'Laurisilva of Madeira', 'Monastery of Batalha', 'Prehistoric Rock Art Sites in the Côa Valley and Siega Verde', 'Convent of Christ in Tomar', 'Monastery of Alcobaça', 'Historic Centre of Oporto, Luiz I Bridge and Monastery of Serra do Pilar', 'Royal Building of <i>Mafra</i> – Palace, Basilica, Convent, <i>Cerco</i> Garden and Hunting Park (<i>Tapada</i>)', 'Monastery of the Hieronymites and Tower of Belém in Lisbon']","['361', '1117', '1387', '1590', '1046', '206', '723', '1367', '1031', '934', '264', '866', '265', '505', '755', '1573', '263']"
Republic of Korea,KR,Asia and the Pacific,17,15,2,0,0,0,"['Gochang, Hwasun and Ganghwa Dolmen Sites', 'Jeju Volcanic Island and Lava Tubes', 'Petroglyphs along the Bangucheon Stream', 'Seowon, Korean Neo-Confucian Academies', 'Seokguram Grotto and Bulguksa Temple', 'Haeinsa Temple Janggyeong Panjeon, the Depositories for the <I>Tripitaka Koreana</I> Woodblocks', 'Gyeongju Historic Areas', 'Historic Villages of Korea: Hahoe and Yangdong', 'Namhansanseong', 'Gaya Tumuli', 'Getbol, Korean Tidal Flats', 'Changdeokgung Palace Complex', 'Baekje Historic Areas', 'Hwaseong Fortress', 'Royal Tombs of the Joseon Dynasty', 'Jongmyo Shrine', 'Sansa, Buddhist Mountain Monasteries in Korea']","['977', '1264', '1740', '1498', '736', '737', '976', '1324', '1439', '1666', '1591', '816', '1477', '817', '1319', '738', '1562']"
Belgium,BE,Europe and North America,16,15,1,0,0,6,"['Ancient and Primeval Beech Forests of the Carpathians and Other Regions of Europe', 'Funerary and memory sites of the First World War (Western Front)', 'La Grand-Place, Brussels', 'Major Mining Sites of Wallonia', 'Plantin-Moretus House-Workshops-Museum Complex', 'Notre-Dame Cathedral in Tournai', 'Major Town Houses of the Architect Victor Horta (Brussels)', 'Belfries of Belgium and France', 'Neolithic Flint Mines at Spiennes (Mons)', 'The Four Lifts on the Canal du Centre and their Environs, La Louvière and Le Roeulx (Hainaut)', 'Stoclet House', 'The Architectural Work of Le Corbusier, an Outstanding Contribution to the Modern Movement', 'The Great Spa Towns of Europe', 'Historic Centre of Brugge', 'Flemish Béguinages', 'Colonies of Benevolence']","['1133', '1567', '857', '1344', '1185', '1009', '1005', '943', '1006', '856', '1298', '1321', '1613', '996', '855', '1555']"
Sweden,SE,Europe and North America,15,13,1,1,0,2,"['Church Town of Gammelstad, Luleå', 'Decorated Farmhouses of Hälsingland', 'Grimeton Radio Station, Varberg', 'Naval Port of Karlskrona', 'Royal Domain of Drottningholm', 'High Coast / Kvarken Archipelago', 'Birka and Hovgården', 'Agricultural Landscape of Southern Öland', 'Skogskyrkogården', 'Struve Geodetic Arc', 'Engelsberg Ironworks', 'Hanseatic Town of Visby', 'Mining Area of the Great Copper Mountain in Falun', 'Rock Carvings in Tanum', 'Laponian Area']","['762', '1282', '1134', '871', '559', '898', '555', '968', '558', '1187', '556', '731', '1027', '557', '774']"
Switzerland,CH,Europe and North America,13,9,4,0,0,5,"['Ancient and Primeval Beech Forests of the Carpathians and Other Regions of Europe', 'Monte San Giorgio', 'Rhaetian Railway in the Albula / Bernina Landscapes', 'Abbey of St Gall', 'Lavaux, Vineyard Terraces', 'Swiss Tectonic Arena Sardona', 'Swiss Alps Jungfrau-Aletsch', 'Three Castles, Defensive Wall and Ramparts of the Market-Town of Bellinzona', 'Prehistoric Pile Dwellings around the Alps', 'Old City of Berne', 'The Architectural Work of Le Corbusier, an Outstanding Contribution to the Modern Movement', 'La Chaux-de-Fonds / Le Locle, Watchmaking Town Planning', 'Benedictine Convent of St John at Müstair']","['1133', '1090', '1276', '268', '1243', '1179', '1037', '884', '1363', '267', '1321', '1302', '269']"
Netherlands (Kingdom of the),NL,Europe and North America,13,12,1,0,0,3,"['Wadden Sea', 'Schokland and Surroundings', 'Eisinga Planetarium in Franeker', 'Van Nellefabriek', 'Colonies of Benevolence', 'Frontiers of the Roman Empire – The Lower German Limes', 'Droogmakerij de Beemster (Beemster Polder)', 'Dutch Water Defence Lines', 'Ir.D.F. Woudagemaal (D.F. Wouda Steam Pumping Station)', 'Rietveld Schröderhuis (Rietveld Schröder House)', 'Mill Network at Kinderdijk-Elshout', 'Historic Area of Willemstad, Inner City and Harbour, Curaçao', 'Seventeenth-Century Canal Ring Area of Amsterdam inside the Singelgracht']","['1314', '739', '1683', '1441', '1555', '1631', '899', '759', '867', '965', '818', '819', '1349']"
Peru,PE,Latin America and the Caribbean,13,9,2,2,1,1,"['Chankillo Archaeoastronomical Complex', 'Chavin (Archaeological Site)', 'Chan Chan Archaeological Zone', 'Huascarán National Park', 'Río Abiseo National Park', 'Manú National Park', 'Qhapaq Ñan, Andean Road System', 'City of Cuzco', 'Historical Centre of the City of Arequipa', 'Historic Sanctuary of Machu Picchu', 'Lines and Geoglyphs of Nasca and Palpa', 'Historic Centre of Lima', 'Sacred City of Caral-Supe']","['1624', '330', '366', '333', '548', '402', '1459', '273', '1016', '274', '700', '500', '1269']"
Austria,AT,Europe and North America,12,11,1,0,1,5,"['Ancient and Primeval Beech Forests of the Carpathians and Other Regions of Europe', 'Frontiers of the Roman Empire – The Danube Limes (Western Segment)', 'Historic Centre of Vienna', 'Palace and Gardens of Schönbrunn', 'Prehistoric Pile Dwellings around the Alps', 'Wachau Cultural Landscape', 'Fertö / Neusiedlersee Cultural Landscape', 'City of Graz – Historic Centre and Schloss Eggenberg', 'Hallstatt-Dachstein / Salzkammergut Cultural Landscape', 'Historic Centre of the City of Salzburg', 'The Great Spa Towns of Europe', 'Semmering Railway']","['1133', '1608', '1033', '786', '1363', '970', '772', '931', '806', '784', '1613', '785']"
Argentina,AR,Latin America and the Caribbean,12,7,5,0,0,3,"['Los Glaciares National Park', 'Península Valdés', 'Jesuit Missions of the Guaranis: San Ignacio Mini, Santa Ana, Nuestra Señora de Loreto and Santa Maria Mayor (Argentina), Ruins of Sao Miguel das Missoes (Brazil)', 'Los Alerces National Park', 'Quebrada de Humahuaca', 'Iguazu National Park', 'ESMA Museum and Site of Memory – Former Clandestine Centre of Detention, Torture and Extermination', 'Cueva de las Manos, Río Pinturas', 'Ischigualasto / Talampaya Natural Parks', 'Jesuit Block and Estancias of Córdoba', 'The Architectural Work of Le Corbusier, an Outstanding Contribution to the Modern Movement', 'Qhapaq Ñan, Andean Road System']","['145', '937', '275', '1526', '1116', '303', '1681', '936', '966', '995', '1321', '1459']"
Ethiopia,ET,Africa,12,10,2,0,0,0,"['The Gedeo Cultural Landscape', 'Aksum', 'Konso Cultural Landscape', 'Lower Valley of the Awash', 'Fasil Ghebbi, Gondar Region', 'Simien National Park', 'Melka Kunture and Balchit: Archaeological and Palaeontological Sites in the Highland Area of Ethiopia', 'Bale Mountains National Park', 'Harar Jugol, the Fortified Historic Town', 'Tiya', 'Lower Valley of the Omo', 'Rock-Hewn Churches, Lalibela']","['1641', '15', '1333', '10', '19', '9', '13', '111', '1189', '12', '17', '18']"
Denmark,DK,Europe and North America,12,8,4,0,0,2,"['Roskilde Cathedral', 'Wadden Sea', 'Kronborg Castle', 'Ilulissat Icefjord', 'Moravian Church Settlements', 'Stevns Klint', 'The par force hunting landscape in North Zealand', 'Viking-Age Ring Fortresses', 'Kujataa Greenland: Norse and Inuit Farming at the Edge of the Ice Cap', 'Jelling Mounds, Runic Stones and Church', 'Aasivissuit – Nipisat. Inuit Hunting Ground between Ice and Sea', 'Møns Klint']","['695', '1314', '696', '1149', '1468', '1416', '1469', '1660', '1536', '697', '1557', '1728']"
South Africa,ZA,Africa,12,7,4,1,0,2,"['Maloti-Drakensberg Park', 'Cape Floral Region Protected Areas', 'Richtersveld Cultural and Botanical Landscape', 'Human Rights, Liberation and Reconciliation: Nelson Mandela Legacy Sites', 'Barberton Makhonjwa Mountains', 'Fossil Hominid Sites of South Africa', 'Mapungubwe Cultural Landscape', 'Robben Island', 'The Emergence of Modern Human Behaviour: The Pleistocene Occupation Sites of South Africa', 'ǂKhomani Cultural Landscape', 'iSimangaliso Wetland Park – Maputo National Park', 'Vredefort Dome']","['985', '1007', '1265', '1676', '1575', '915', '1099', '916', '1723', '1545', '914', '1162']"
Romania,RO,Europe and North America,11,9,2,0,1,1,"['Ancient and Primeval Beech Forests of the Carpathians and Other Regions of Europe', 'Monastery of Horezu', 'Roșia Montană Mining Landscape', 'Churches of Moldavia', 'Dacian Fortresses of the Orastie Mountains', 'Frontiers of the Roman Empire – Dacia', 'Danube Delta', 'Brâncuși Monumental Ensemble of Târgu Jiu', 'Historic Centre of Sighişoara', 'Wooden Churches of Maramureş', 'Villages with Fortified Churches in Transylvania']","['1133', '597', '1552', '598', '906', '1718', '588', '1473', '902', '904', '596']"
Croatia,HR,Europe and North America,10,8,2,0,0,3,"['Ancient and Primeval Beech Forests of the Carpathians and Other Regions of Europe', 'Venetian Works of Defence between the 16th and 17th Centuries: <em>Stato da Terra</em> – Western <em>Stato da Mar</em>', 'Plitvice Lakes National Park', 'Historic City of Trogir', 'Old City of Dubrovnik', 'Stećci Medieval Tombstone Graveyards', 'Episcopal Complex of the Euphrasian Basilica in the Historic Centre of Poreč', 'Historical Complex of Split with the Palace of Diocletian', 'The Cathedral of St James in Šibenik', 'Stari Grad Plain']","['1133', '1533', '98', '810', '95', '1504', '809', '97', '963', '1240']"
Bulgaria,BG,Europe and North America,10,7,3,0,0,1,"['Ancient and Primeval Beech Forests of the Carpathians and Other Regions of Europe', 'Ancient City of Nessebar', 'Thracian Tomb of Kazanlak', 'Srebarna Nature Reserve', 'Rock-Hewn Churches of Ivanovo', 'Pirin National Park', 'Rila Monastery', 'Madara Rider', 'Boyana Church', 'Thracian Tomb of Sveshtari']","['1133', '217', '44', '219', '45', '225', '216', '43', '42', '359']"
Indonesia,ID,Asia and the Pacific,10,6,4,0,1,0,"['Lorentz National Park', 'Borobudur Temple Compounds', 'Ujung Kulon National Park', 'The Cosmological Axis of Yogyakarta and its Historic Landmarks', 'Sangiran Early Man Site', 'Cultural Landscape of Bali Province: the <em>Subak</em> System as a Manifestation of the <em>Tri Hita Karana</em> Philosophy', 'Ombilin Coal Mining Heritage of Sawahlunto', 'Komodo National Park', 'Prambanan Temple Compounds', 'Tropical Rainforest Heritage of Sumatra']","['955', '592', '608', '1671', '593', '1194', '1610', '609', '642', '1167']"
Colombia,CO,Latin America and the Caribbean,9,6,2,1,0,1,"['Chiribiquete National Park – “The Maloca of the Jaguar”', 'San Agustín Archaeological Park', 'Port, Fortresses and Group of Monuments, Cartagena', 'Historic Centre of Santa Cruz de Mompox', 'Malpelo Fauna and Flora Sanctuary', 'Coffee Cultural Landscape of Colombia', 'Qhapaq Ñan, Andean Road System', 'Los Katíos National Park', 'National Archeological Park of Tierradentro']","['1174', '744', '285', '742', '1216', '1121', '1459', '711', '743']"
Cuba,CU,Latin America and the Caribbean,9,7,2,0,0,0,"['Alejandro de Humboldt National Park', 'Historic Centre of Camagüey', 'Old Havana and its Fortification System', 'Trinidad and the Valley de los Ingenios', 'Viñales Valley', 'Desembarco del Granma National Park', 'Archaeological Landscape of the First Coffee Plantations in the South-East of Cuba', 'San Pedro de la Roca Castle, Santiago de Cuba', 'Urban Historic Centre of Cienfuegos']","['839', '1270', '204', '460', '840', '889', '1008', '841', '1202']"
Israel,IL,Europe and North America,9,9,0,0,0,0,"['Bahá’i Holy Places in Haifa and the Western Galilee', 'Old City of Acre', 'Sites of Human Evolution at Mount Carmel: The Nahal Me’arot / Wadi el-Mughara Caves', 'Masada', 'Caves of Maresha and Bet-Guvrin in the Judean Lowlands as a Microcosm of the Land of the Caves', 'Incense Route - Desert Cities in the Negev', 'Biblical Tels - Megiddo, Hazor, Beer Sheba', 'Necropolis of Bet She’arim: A Landmark of Jewish Renewal', 'White City of Tel-Aviv – the Modern Movement']","['1220', '1042', '1393', '1040', '1370', '1107', '1108', '1471', '1096']"
Morocco,MA,Arab States,9,9,0,0,0,0,"['Archaeological Site of Volubilis', 'Medina of Marrakesh', 'Historic City of Meknes', 'Medina of Tétouan (formerly known as Titawin)', 'Ksar of Ait-Ben-Haddou', 'Portuguese City of Mazagan (El Jadida)', 'Medina of Essaouira (formerly Mogador)', 'Medina of Fez', 'Rabat, Modern Capital and Historic City: a Shared Heritage']","['836', '331', '793', '837', '444', '1058', '753', '170', '1401']"
Tunisia,TN,Arab States,9,8,1,0,0,0,"['Medina of Sousse', 'Ichkeul National Park', 'Amphitheatre of El Jem', 'Archaeological Site of Carthage', 'Djerba: Testimony to a settlement pattern in an island territory', 'Punic Town of Kerkuane and its Necropolis', 'Medina of Tunis', 'Dougga / Thugga', 'Kairouan']","['498', '8', '38', '37', '1640', '332', '36', '794', '499']"
Viet Nam,VN,Asia and the Pacific,9,6,2,1,0,1,"['Hoi An Ancient Town', 'Phong Nha-Ke Bang National Park and Hin Nam No National Park', 'Central Sector of the Imperial Citadel of Thang Long - Hanoi', 'Ha Long Bay - Cat Ba Archipelago', 'Citadel of the Ho Dynasty', 'Trang An Landscape Complex', 'My Son Sanctuary', 'Complex of Hué Monuments', 'Yen Tu-Vinh Nghiem-Con Son, Kiep Bac Complex of Monuments and Landscapes']","['948', '951', '1328', '672', '1358', '1438', '949', '678', '1732']"
Ukraine,UA,Europe and North America,8,7,1,0,3,3,"['Ancient and Primeval Beech Forests of the Carpathians and Other Regions of Europe', 'Wooden <em>Tserkvas</em> of the Carpathian Region in Poland and Ukraine', ""L'viv – the Ensemble of the Historic Centre"", 'Residence of Bukovinian and Dalmatian Metropolitans', 'The Historic Centre of Odesa', 'Kyiv: Saint-Sophia Cathedral and Related Monastic Buildings, Kyiv-Pechersk Lavra', 'Ancient City of Tauric Chersonese and its Chora', 'Struve Geodetic Arc']","['1133', '1424', '865', '1330', '1703', '527', '1411', '1187']"
Slovakia,SK,Europe and North America,8,6,2,0,0,3,"['Ancient and Primeval Beech Forests of the Carpathians and Other Regions of Europe', 'Frontiers of the Roman Empire – The Danube Limes (Western Segment)', 'Caves of Aggtelek Karst and Slovak Karst', 'Wooden Churches of the Slovak part of the Carpathian Mountain Area', 'Levoča, Spišský Hrad and the Associated Cultural Monuments', 'Vlkolínec', 'Bardejov Town Conservation Reserve', 'Historic Town of Banská Štiavnica and the Technical Monuments in its Vicinity']","['1133', '1608', '725', '1273', '620', '622', '973', '618']"
Hungary,HU,Europe and North America,8,7,1,0,0,2,"['Caves of Aggtelek Karst and Slovak Karst', 'Early Christian Necropolis of Pécs (Sopianae)', 'Budapest, including the Banks of the Danube, the Buda Castle Quarter and Andrássy Avenue', 'Old Village of Hollókő and its Surroundings', 'Hortobágy National Park - the <i>Puszta</i>', 'Tokaj Wine Region Historic Cultural Landscape', 'Fertö / Neusiedlersee Cultural Landscape', 'Millenary Benedictine Abbey of Pannonhalma and its Natural Environment']","['725', '853', '400', '401', '474', '1063', '772', '758']"
Kenya,KE,Africa,8,5,3,0,1,0,"['Sacred Mijikenda Kaya Forests', 'Lake Turkana National Parks', 'Lamu Old Town', 'The Historic Town and Archaeological Site of Gedi', 'Fort Jesus, Mombasa', 'Kenya Lake System in the Great Rift Valley', 'Thimlich Ohinga Archaeological Site', 'Mount Kenya National Park/Natural Forest']","['1231', '801', '1055', '1720', '1295', '1060', '1450', '800']"
Norway,NO,Europe and North America,8,7,1,0,0,1,"['Bryggen', 'Rjukan-Notodden Industrial Heritage Site', 'Rock Art of Alta', 'Røros Mining Town and the Circumference', 'West Norwegian Fjords – Geirangerfjord and Nærøyfjord', 'Vegaøyan – The Vega Archipelago', 'Urnes Stave Church', 'Struve Geodetic Arc']","['59', '1486', '352', '55', '1195', '1143', '58', '1187']"
Saudi Arabia,SA,Arab States,8,7,1,0,0,0,"['Al-Ahsa Oasis, an Evolving Cultural Landscape', '‘Uruq Bani Ma’arid', 'Rock Art in the Hail Region of Saudi Arabia', ""At-Turaif District in ad-Dir'iyah"", 'Hegra Archaeological Site (al-Hijr / Madā ͐ in Ṣāliḥ)', 'Ḥimā Cultural Area', 'Historic Jeddah, the Gate to Makkah', 'The Cultural Landscape of Al-Faw Archaeological Area']","['1563', '1699', '1472', '1329', '1293', '1619', '1361', '1712']"
Sri Lanka,LK,Asia and the Pacific,8,6,2,0,0,0,"['Ancient City of Polonnaruwa', 'Central Highlands of Sri Lanka', 'Rangiri Dambulla Cave Temple', 'Ancient City of Sigiriya', 'Sacred City of Anuradhapura', 'Sacred City of Kandy', 'Old Town of Galle and its Fortifications', 'Sinharaja Forest Reserve']","['201', '1203', '561', '202', '200', '450', '451', '405']"
Thailand,TH,Asia and the Pacific,8,5,3,0,0,0,"['Kaeng Krachan Forest Complex', 'Thungyai-Huai Kha Khaeng Wildlife Sanctuaries', 'Phu Phrabat, a testimony to the Sīma stone tradition of the Dvaravati period', 'Historic City of Ayutthaya', 'Ban Chiang Archaeological Site', 'Dong Phayayen-Khao Yai Forest Complex', 'Historic Town of Sukhothai and Associated Historic Towns', 'The Ancient Town of Si Thep and its Associated Dvaravati Monuments']","['1461', '591', '1507', '576', '575', '590', '574', '1662']"
Algeria,DZ,Arab States,7,6,0,1,0,0,"['Djémila', ""Tassili n'Ajjer"", 'Kasbah of Algiers', ""Al Qal'a of Beni Hammad"", ""M'Zab Valley"", 'Timgad', 'Tipasa']","['191', '179', '565', '102', '188', '194', '193']"
Bolivia (Plurinational State of),BO,Latin America and the Caribbean,7,6,1,0,1,1,"['Noel Kempff Mercado National Park', 'Tiwanaku: Spiritual and Political Centre of the Tiwanaku Culture', 'Jesuit Missions of the Chiquitos', 'Qhapaq Ñan, Andean Road System', 'Fuerte de Samaipata', 'Historic City of Sucre', 'City of Potosí']","['967', '567', '529', '1459', '883', '566', '420']"
Chile,CL,Latin America and the Caribbean,7,7,0,0,0,1,"['Historic Quarter of the Seaport City of Valparaíso', 'Churches of Chiloé', 'Sewell Mining Town', 'Qhapaq Ñan, Andean Road System', 'Settlement and Artificial Mummification of the Chinchorro Culture in the Arica and Parinacota Region', 'Humberstone and Santa Laura Saltpeter Works', 'Rapa Nui National Park']","['959', '971', '1214', '1459', '1634', '1178', '715']"
Egypt,EG,Arab States,7,6,1,0,0,0,"['Abu Mena', 'Ancient Thebes with its Necropolis', 'Memphis and its Necropolis – the Pyramid Fields from Giza to Dahshur', 'Nubian Monuments from Abu Simbel to Philae', 'Wadi Al-Hitan (Whale Valley)', 'Historic Cairo', 'Saint Catherine Area']","['90', '87', '86', '88', '1186', '89', '954']"
Finland,FI,Europe and North America,7,6,1,0,0,2,"['Old Rauma', 'Fortress of Suomenlinna', 'High Coast / Kvarken Archipelago', 'Bronze Age Burial Site of Sammallahdenmäki', 'Struve Geodetic Arc', 'Verla Groundwood and Board Mill', 'Petäjävesi Old Church']","['582', '583', '898', '579', '1187', '751', '584']"
Jordan,JO,Arab States,7,6,0,1,0,0,"['Petra', 'As-Salt - The Place of Tolerance and Urban Hospitality', 'Baptism Site “Bethany Beyond the Jordan” (Al-Maghtas)', ""Um er-Rasas (Kastrom Mefa'a)"", 'Quseir Amra', 'Umm Al-Jimāl', 'Wadi Rum Protected Area']","['326', '689', '1446', '1093', '327', '1721', '1377']"
Senegal,SN,Africa,7,5,2,0,0,1,"['Bassari Country: Bassari, Fula and Bedik Cultural Landscapes', 'Stone Circles of Senegambia', 'Island of Saint-Louis', 'Djoudj National Bird Sanctuary', 'Island of Gorée', 'Niokolo-Koba National Park', 'Saloum Delta']","['1407', '1226', '956', '25', '26', '153', '1359']"
Uzbekistan,UZ,Asia and the Pacific,7,5,2,0,1,3,"['Silk Roads: Zarafshan-Karakum Corridor', 'Itchan Kala', 'Cold Winter Deserts of Turan', 'Western Tien-Shan', 'Historic Centre of Bukhara', 'Samarkand – Crossroad of Cultures', 'Historic Centre of Shakhrisyabz']","['1675', '543', '1693', '1490', '602', '603', '885']"
United Republic of Tanzania,TZ,Africa,7,3,3,1,1,0,"['Selous Game Reserve', 'Ngorongoro Conservation Area', 'Ruins of Kilwa Kisiwani and Ruins of Songo Mnara', 'Serengeti National Park', 'Stone Town of Zanzibar', 'Kilimanjaro National Park', 'Kondoa Rock-Art Sites']","['199', '39', '144', '156', '173', '403', '1183']"
Iraq,IQ,Arab States,6,5,0,1,3,0,"['Babylon', 'Erbil Citadel', ""Ashur (Qal'at Sherqat)"", 'Samarra Archaeological City', 'The Ahwar of Southern Iraq: Refuge of Biodiversity and the Relict Landscape of the Mesopotamian Cities', 'Hatra']","['278', '1437', '1130', '276', '1481', '277']"
Kazakhstan,KZ,Asia and the Pacific,6,3,3,0,0,3,"['Saryarka – Steppe and Lakes of Northern Kazakhstan', 'Mausoleum of Khoja Ahmed Yasawi', 'Petroglyphs of the Archaeological Landscape of Tanbaly', 'Cold Winter Deserts of Turan', 'Western Tien-Shan', ""Silk Roads: the Routes Network of Chang'an-Tianshan Corridor""]","['1102', '1103', '1145', '1693', '1490', '1442']"
Lebanon,LB,Arab States,6,6,0,0,1,0,"['Tyre', 'Anjar', 'Baalbek', 'Byblos', 'Ouadi Qadisha (the Holy Valley) and the Forest of the Cedars of God (Horsh Arz el-Rab)', 'Rachid Karami International Fair-Tripoli']","['299', '293', '294', '295', '850', '1702']"
Malaysia,MY,Asia and the Pacific,6,4,2,0,0,0,"['Kinabalu Park', 'Forest Research Institute Malaysia Forest Park Selangor', 'Melaka and George Town, Historic Cities of the Straits of Malacca', 'Archaeological Heritage of the Lenggong Valley', 'Gunung Mulu National Park', 'The Archaeological Heritage of Niah National Park’s Caves Complex']","['1012', '1734', '1223', '1396', '1013', '1014']"
Mongolia,MN,Asia and the Pacific,6,4,2,0,0,2,"['Deer Stone Monuments and Related Bronze Age Sites', 'Uvs Nuur Basin', 'Landscapes of Dauria', 'Petroglyphic Complexes of the Mongolian Altai', 'Orkhon Valley Cultural Landscape', 'Great Burkhan Khaldun Mountain and its surrounding sacred landscape']","['1621', '769', '1448', '1382', '1081', '1440']"
Philippines,PH,Asia and the Pacific,6,3,3,0,0,0,"['Baroque Churches of the Philippines', 'Mount Hamiguitan Range Wildlife Sanctuary', 'Puerto-Princesa Subterranean River National Park', 'Historic City of Vigan', 'Rice Terraces of the Philippine Cordilleras', 'Tubbataha Reefs Natural Park']","['677', '1403', '652', '502', '722', '653']"
Syrian Arab Republic,SY,Arab States,6,6,0,0,6,0,"['Crac des Chevaliers and Qal’at Salah El-Din', 'Ancient City of Damascus', 'Site of Palmyra', 'Ancient City of Aleppo', 'Ancient City of Bosra', 'Ancient Villages of Northern Syria']","['1229', '20', '23', '21', '22', '1348']"
Pakistan,PK,Asia and the Pacific,6,6,0,0,0,0,"['Buddhist Ruins of Takht-i-Bahi and Neighbouring City Remains at Sahr-i-Bahlol', 'Taxila', 'Rohtas Fort', 'Historical Monuments at Makli, Thatta', 'Fort and Shalamar Gardens in Lahore', 'Archaeological Ruins at Moenjodaro']","['140', '139', '586', '143', '171', '138']"
Slovenia,SI,Europe and North America,5,3,2,0,0,3,"['Ancient and Primeval Beech Forests of the Carpathians and Other Regions of Europe', 'Prehistoric Pile Dwellings around the Alps', 'The works of Jože Plečnik in Ljubljana – Human Centred Urban Design', 'Heritage of Mercury. Almadén and Idrija', 'Škocjan Caves']","['1133', '1363', '1643', '1313', '390']"
Bosnia and Herzegovina,BA,Europe and North America,5,3,2,0,0,2,"['Ancient and Primeval Beech Forests of the Carpathians and Other Regions of Europe', 'Old Bridge Area of the Old City of Mostar', 'Mehmed Paša Sokolović Bridge in Višegrad', 'Vjetrenica Cave, Ravno', 'Stećci Medieval Tombstone Graveyards']","['1133', '946', '1260', '1673', '1504']"
Azerbaijan,AZ,Europe and North America,5,4,1,0,0,1,"['Hyrcanian Forests', 'Gobustan Rock Art Cultural Landscape', 'Cultural Landscape of Khinalig People and “Köç Yolu” Transhumance Route', ""Walled City of Baku with the Shirvanshah's Palace and Maiden Tower"", 'Historic Centre of Sheki with the Khan’s Palace']","['1584', '1076', '1696', '958', '1549']"
Cambodia,KH,Asia and the Pacific,5,5,0,0,0,0,"['Temple of Preah Vihear', 'Koh Ker: Archaeological Site of Ancient Lingapura or Chok Gargyar', 'Temple Zone of Sambor Prei Kuk, Archaeological Site of Ancient Ishanapura', 'Cambodian Memorial Sites: From centres of repression to places of peace and reflection', 'Angkor']","['1224', '1667', '1532', '1748', '668']"
Panama,PA,Latin America and the Caribbean,5,2,3,0,1,1,"['Talamanca Range-La Amistad Reserves / La Amistad National Park', 'Fortifications on the Caribbean Side of Panama: Portobelo-San Lorenzo', 'The Colonial Transisthmian Route of Panamá', 'Coiba National Park and its Special Zone of Marine Protection', 'Darien National Park']","['205', '135', '1582', '1138', '159']"
Côte d'Ivoire,CI,Africa,5,2,3,0,1,1,"['Comoé National Park', 'Historic Town of Grand-Bassam', 'Sudanese style mosques in northern Côte d’Ivoire', 'Mount Nimba Strict Nature Reserve', 'Taï National Park']","['227', '1322', '1648', '155', '195']"
Democratic Republic of the Congo,CD,Africa,5,0,5,0,4,0,"['Kahuzi-Biega National Park', 'Virunga National Park', 'Garamba National Park', 'Okapi Wildlife Reserve', 'Salonga National Park']","['137', '63', '136', '718', '280']"
Ecuador,EC,Latin America and the Caribbean,5,3,2,0,0,1,"['Sangay National Park', 'Galápagos Islands', 'City of Quito', 'Qhapaq Ñan, Andean Road System', 'Historic Centre of Santa Ana de los Ríos de Cuenca']","['260', '1', '2', '1459', '863']"
Libya,LY,Arab States,5,5,0,0,4,0,"['Archaeological Site of Sabratha', 'Archaeological Site of Leptis Magna', 'Archaeological Site of Cyrene', 'Rock-Art Sites of Tadrart Acacus', 'Old Town of Ghadamès']","['184', '183', '190', '287', '362']"
Lithuania,LT,Europe and North America,5,5,0,0,0,2,"['Kernavė Archaeological Site (Cultural Reserve of Kernavė)', 'Curonian Spit', 'Vilnius Historic Centre', 'Struve Geodetic Arc', 'Modernist Kaunas: Architecture of Optimism, 1919-1939']","['1137', '994', '541', '1187', '1661']"
Oman,OM,Arab States,5,5,0,0,0,0,"['Ancient City of Qalhat', 'Bahla Fort', 'Land of Frankincense', '<i>Aflaj</i> Irrigation Systems of Oman', 'Archaeological Sites of Bat, Al-Khutm and Al-Ayn']","['1537', '433', '1010', '1207', '434']"
Serbia,RS,Europe and North America,5,5,0,0,1,1,"['Gamzigrad-Romuliana, Palace of Galerius', 'Medieval Monuments in Kosovo', 'Stari Ras and Sopoćani', 'Stećci Medieval Tombstone Graveyards', 'Studenica Monastery']","['1253', '724', '96', '1504', '389']"
State of Palestine,PS,Arab States,5,5,0,0,3,0,"['Hebron/Al-Khalil Old Town', 'Palestine: Land of Olives and Vines – Cultural Landscape of Southern Jerusalem, Battir', 'Birthplace of Jesus: Church of the Nativity and the Pilgrimage Route, Bethlehem', 'Saint Hilarion Monastery/ Tell Umm Amer', 'Ancient Jericho/Tell es-Sultan']","['1565', '1492', '1433', '1749', '1687']"
Tajikistan,TJ,Asia and the Pacific,5,3,2,0,0,1,"['Silk Roads: Zarafshan-Karakum Corridor', 'Proto-urban Site of Sarazm', 'Cultural Heritage Sites of Ancient Khuttal', 'Tajik National Park (Mountains of the Pamirs)', 'Tugay forests of the Tigrovaya Balka Nature Reserve']","['1675', '1141', '1627', '1252', '1685']"
Turkmenistan,TM,Asia and the Pacific,5,4,1,0,0,2,"['Silk Roads: Zarafshan-Karakum Corridor', 'Cold Winter Deserts of Turan', 'State Historical and Cultural Park “Ancient Merv”', 'Kunya-Urgench', 'Parthian Fortresses of Nisa']","['1675', '1693', '886', '1199', '1242']"
Yemen,YE,Arab States,5,4,1,0,4,0,"['Historic Town of Zabid', ""Old City of Sana'a"", 'Socotra Archipelago', 'Landmarks of the Ancient Kingdom of Saba, Marib', 'Old Walled City of Shibam']","['611', '385', '1263', '1700', '192']"
Zimbabwe,ZW,Africa,5,3,2,0,0,1,"['Great Zimbabwe National Monument', 'Khami Ruins National Monument', 'Mana Pools National Park, Sapi and Chewore Safari Areas', 'Matobo Hills', 'Mosi-oa-Tunya / Victoria Falls']","['364', '365', '302', '306', '509']"
Albania,AL,Europe and North America,4,2,1,1,0,2,"['Historic Centres of Berat and Gjirokastra', 'Ancient and Primeval Beech Forests of the Carpathians and Other Regions of Europe', 'Butrint', 'Natural and Cultural Heritage of the Ohrid region']","['569', '1133', '570', '99']"
Belarus,BY,Europe and North America,4,3,1,0,0,2,"['Architectural, Residential and Cultural Complex of the Radziwill Family at Nesvizh', 'Mir Castle Complex', 'Białowieża Forest', 'Struve Geodetic Arc']","['1196', '625', '33', '1187']"
Costa Rica,CR,Latin America and the Caribbean,4,1,3,0,0,1,"['Talamanca Range-La Amistad Reserves / La Amistad National Park', 'Precolumbian Chiefdom Settlements with Stone Spheres of the Diquís', 'Cocos Island National Park', 'Area de Conservación Guanacaste']","['205', '1453', '820', '928']"
Montenegro,ME,Europe and North America,4,3,1,0,0,2,"['Venetian Works of Defence between the 16th and 17th Centuries: <em>Stato da Terra</em> – Western <em>Stato da Mar</em>', 'Natural and Culturo-Historical Region of Kotor', 'Stećci Medieval Tombstone Graveyards', 'Durmitor National Park']","['1533', '125', '1504', '100']"
Georgia,GE,Europe and North America,4,3,1,0,0,0,"['Colchic Rainforests and Wetlands', 'Gelati Monastery', 'Upper Svaneti', 'Historical Monuments of Mtskheta']","['1616', '710', '709', '708']"
Guatemala,GT,Latin America and the Caribbean,4,3,0,1,0,0,"['National Archaeological Park Tak’alik Ab’aj', 'Antigua Guatemala', 'Archaeological Park and Ruins of Quirigua', 'Tikal National Park']","['1663', '65', '149', '64']"
Lao People's Democratic Republic,LA,Asia and the Pacific,4,3,1,0,0,1,"['Megalithic Jar Sites in Xiengkhuang – Plain of Jars', 'Phong Nha-Ke Bang National Park and Hin Nam No National Park', 'Town of Luang Prabang', 'Vat Phou and Associated Ancient Settlements within the Champasak Cultural Landscape']","['1587', '951', '479', '481']"
Mali,ML,Africa,4,3,0,1,3,0,"['Cliff of Bandiagara (Land of the Dogons)', 'Old Towns of Djenné', 'Tomb of Askia', 'Timbuktu']","['516', '116', '1139', '119']"
Nepal,NP,Asia and the Pacific,4,2,2,0,0,0,"['Chitwan National Park', 'Kathmandu Valley', 'Lumbini, the Birthplace of the Lord Buddha', 'Sagarmatha National Park']","['284', '121', '666', '120']"
Burkina Faso,BF,Africa,4,3,1,0,0,1,"['W-Arly-Pendjari Complex', 'Royal Court of Tiébélé', 'Ancient Ferrous Metallurgy Sites of Burkina Faso', 'Ruins of Loropéni']","['749', '1713', '1602', '1225']"
Benin,BJ,Africa,3,2,1,0,0,2,"['Royal Palaces of Abomey', 'Koutammakou, the Land of the Batammariba', 'W-Arly-Pendjari Complex']","['323', '1140', '749']"
Cameroon,CM,Africa,3,1,2,0,0,1,"['Dja Faunal Reserve', 'Diy-Gid-Biy Cultural Landscape of the Mandara Mountains', 'Sangha Trinational']","['407', '1745', '1380']"
Cyprus,CY,Europe and North America,3,3,0,0,0,0,"['Painted Churches in the Troodos Region', 'Paphos', 'Choirokoitia']","['351', '79', '848']"
Iceland,IS,Europe and North America,3,1,2,0,0,0,"['Surtsey', 'Vatnajökull National Park - Dynamic Nature of Fire and Ice', 'Þingvellir National Park']","['1267', '1604', '1152']"
Madagascar,MG,Africa,3,1,2,0,0,0,"['Andrefana Dry Forests', 'Rainforests of the Atsinanana', 'Royal Hill of Ambohimanga']","['494', '1257', '950']"
Malawi,MW,Africa,3,2,1,0,0,0,"['Chongoni Rock-Art Area', 'Lake Malawi National Park', 'Mount Mulanje Cultural Landscape']","['476', '289', '1201']"
Malta,MT,Europe and North America,3,3,0,0,0,0,"['Ħal Saflieni Hypogeum', 'City of Valletta', 'Megalithic Temples of Malta']","['130', '131', '132']"
Suriname,SR,Latin America and the Caribbean,3,2,1,0,0,0,"['Jodensavanne Archaeological Site: Jodensavanne Settlement and Cassipora Creek Cemetery', 'Central Suriname Nature Reserve', 'Historic Inner City of Paramaribo']","['1680', '1017', '940']"
Venezuela (Bolivarian Republic of),VE,Latin America and the Caribbean,3,2,1,0,1,0,"['Coro and its Port', 'Canaima National Park', 'Ciudad Universitaria de Caracas']","['658', '701', '986']"
Armenia,AM,Europe and North America,3,3,0,0,0,0,"['Monasteries of Haghpat and Sanahin', 'Monastery of Geghard and the Upper Azat Valley', 'Cathedral and Churches of Echmiatsin and the Archaeological Site of Zvartnots']","['777', '960', '1011']"
Bahrain,BH,Arab States,3,3,0,0,0,0,"['Pearling, Testimony of an Island Economy', 'Qal’at al-Bahrain – Ancient Harbour and Capital of Dilmun', 'Dilmun Burial Mounds']","['1364', '1192', '1542']"
Bangladesh,BD,Asia and the Pacific,3,2,1,0,0,0,"['The Sundarbans', 'Ruins of the Buddhist Vihara at Paharpur', 'Historic Mosque City of Bagerhat']","['798', '322', '321']"
Democratic People's Republic of Korea,KP,Asia and the Pacific,3,2,0,1,0,0,"['Complex of Koguryo Tombs', 'Historic Monuments and Sites in Kaesong', 'Mount Kumgang – Diamond Mountain from the Sea']","['1091', '1278', '1642']"
Kyrgyzstan,KG,Asia and the Pacific,3,2,1,0,0,2,"['Western Tien-Shan', 'Sulaiman-Too Sacred Mountain', ""Silk Roads: the Routes Network of Chang'an-Tianshan Corridor""]","['1490', '1230', '1442']"
Latvia,LV,Europe and North America,3,3,0,0,0,1,"['Old town of Kuldīga', 'Struve Geodetic Arc', 'Historic Centre of Riga']","['1658', '1187', '852']"
New Zealand,NZ,Asia and the Pacific,3,0,2,1,0,0,"['Te Wahipounamu – South West New Zealand', 'New Zealand Sub-Antarctic Islands', 'Tongariro National Park']","['551', '877', '421']"
Sudan,SD,Arab States,3,2,1,0,0,0,"['Archaeological Sites of the Island of Meroe', 'Sanganeb Marine National Park and Dungonab Bay – Mukkawar Island Marine National Park', 'Gebel Barkal and the Sites of the Napatan Region']","['1336', '262', '1073']"
Uganda,UG,Africa,3,1,2,0,0,0,"['Tombs of Buganda Kings at Kasubi', 'Bwindi Impenetrable National Park', 'Rwenzori Mountains National Park']","['1022', '682', '684']"
Uruguay,UY,Latin America and the Caribbean,3,3,0,0,0,0,"['Fray Bentos Industrial Landscape', 'Historic Quarter of the City of Colonia del Sacramento', 'The work of engineer Eladio Dieste: Church of Atlántida']","['1464', '747', '1612']"
Niger,NE,Africa,3,1,2,0,1,1,"['W-Arly-Pendjari Complex', 'Air and Ténéré Natural Reserves', 'Historic Centre of Agadez']","['749', '573', '1268']"
Afghanistan,AF,Asia and the Pacific,2,2,0,0,2,0,"['Cultural Landscape and Archaeological Remains of the Bamiyan Valley', 'Minaret and Archaeological Remains of Jam']","['208', '211']"
North Macedonia,MK,Europe and North America,2,0,1,1,0,2,"['Ancient and Primeval Beech Forests of the Carpathians and Other Regions of Europe', 'Natural and Cultural Heritage of the Ohrid region']","['1133', '99']"
Botswana,BW,Africa,2,1,1,0,0,0,"['Okavango Delta', 'Tsodilo']","['1432', '1021']"
Chad,TD,Africa,2,0,1,1,0,0,"['Lakes of Ounianga', 'Ennedi Massif: Natural and Cultural Landscape']","['1400', '1475']"
Congo,CG,Africa,2,0,2,0,0,1,"['Forest Massif of Odzala-Kokoua', 'Sangha Trinational']","['692', '1380']"
Estonia,EE,Europe and North America,2,2,0,0,0,1,"['Historic Centre (Old Town) of Tallinn', 'Struve Geodetic Arc']","['822', '1187']"
Gabon,GA,Africa,2,0,1,1,0,0,"['Ecosystem and Relict Cultural Landscape of Lopé-Okanda', 'Ivindo National Park']","['1147', '1653']"
Ghana,GH,Africa,2,2,0,0,0,0,"['Asante Traditional Buildings', 'Forts and Castles, Volta, Greater Accra, Central and Western Regions']","['35', '34']"
Holy See,VA,Europe and North America,2,2,0,0,0,1,"['Vatican City', 'Historic Centre of Rome, the Properties of the Holy See in that City Enjoying Extraterritorial Rights and San Paolo Fuori le Mura']","['286', '91']"
Ireland,IE,Europe and North America,2,2,0,0,0,0,"['Brú na Bóinne - Archaeological Ensemble of the Bend of the Boyne', 'Sceilg Mhichíl']","['659', '757']"
Jamaica,JM,Latin America and the Caribbean,2,1,0,1,0,0,"['Blue and John Crow Mountains', 'The Archaeological Ensemble of 17th Century Port Royal']","['1356', '1595']"
Mauritius,MU,Africa,2,2,0,0,0,0,"['Aapravasi Ghat', 'Le Morne Cultural Landscape']","['1227', '1259']"
Seychelles,SC,Africa,2,0,2,0,0,0,"['Vallée de Mai Nature Reserve', 'Aldabra Atoll']","['261', '185']"
United Arab Emirates,AE,Arab States,2,2,0,0,0,0,"['Cultural Sites of Al Ain (Hafit, Hili, Bidaa Bint Saud and Oases Areas)', 'Faya Palaeolandscape']","['1343', '1735']"
Gambia,GM,Africa,2,2,0,0,0,1,"['Stone Circles of Senegambia', 'Kunta Kinteh Island and Related Sites']","['1226', '761']"
Honduras,HN,Latin America and the Caribbean,2,1,1,0,1,0,"['Maya Site of Copan', 'Río Plátano Biosphere Reserve']","['129', '196']"
Mauritania,MR,Arab States,2,1,1,0,0,0,"[""Banc d'Arguin National Park"", 'Ancient <I>Ksour</I> of Ouadane, Chinguetti, Tichitt and Oualata']","['506', '750']"
Namibia,NA,Africa,2,1,1,0,0,0,"['Twyfelfontein or /Ui-//aes', 'Namib Sand Sea']","['1255', '1430']"
Nicaragua,NI,Latin America and the Caribbean,2,2,0,0,0,0,"['Ruins of León Viejo', 'León Cathedral']","['613', '1236']"
Nigeria,NG,Africa,2,2,0,0,0,0,"['Sukur Cultural Landscape', 'Osun-Osogbo Sacred Grove']","['938', '1118']"
Central African Republic,CF,Africa,2,0,2,0,1,1,"['Sangha Trinational', 'Manovo-Gounda St Floris National Park']","['1380', '475']"
Mozambique,MZ,Africa,2,1,1,0,0,1,"['iSimangaliso Wetland Park – Maputo National Park', 'Island of Mozambique']","['914', '599']"
Myanmar,MM,Asia and the Pacific,2,2,0,0,0,0,"['Bagan', 'Pyu Ancient Cities']","['1588', '1444']"
Rwanda,RW,Africa,2,1,1,0,0,0,"['Nyungwe National Park', 'Memorial sites of the Genocide: Nyamata, Murambi, Gisozi and Bisesero']","['1697', '1586']"
Andorra,AD,Europe and North America,1,1,0,0,0,0,['Madriu-Perafita-Claror Valley'],['1160']
Dominica,DM,Latin America and the Caribbean,1,0,1,0,0,0,['Morne Trois Pitons National Park'],['814']
Fiji,FJ,Asia and the Pacific,1,1,0,0,0,0,['Levuka Historical Port Town'],['1399']
Kiribati,KI,Asia and the Pacific,1,0,1,0,0,0,['Phoenix Islands Protected Area'],['1325']
Lesotho,LS,Africa,1,0,0,1,0,1,['Maloti-Drakensberg Park'],['985']
Marshall Islands,MH,Asia and the Pacific,1,1,0,0,0,0,['Bikini Atoll Nuclear Test Site'],['1339']
Saint Kitts and Nevis,KN,Latin America and the Caribbean,1,1,0,0,0,0,['Brimstone Hill Fortress National Park'],['910']
Sierra Leone,SL,Africa,1,0,1,0,0,0,['Gola-Tiwai Complex'],['1746']
Singapore,SG,Asia and the Pacific,1,1,0,0,0,0,['Singapore Botanic Gardens'],['1483']
Solomon Islands,SB,Asia and the Pacific,1,0,1,0,1,0,['East Rennell'],['854']
Angola,AO,Africa,1,1,0,0,0,0,"['Mbanza Kongo, Vestiges of the Capital of the former Kingdom of Kongo']",['1511']
Togo,TG,Africa,1,1,0,0,0,1,"['Koutammakou, the Land of the Batammariba']",['1140']
Cabo Verde,CV,Africa,1,1,0,0,0,0,"['Cidade Velha, Historic Centre of Ribeira Grande']",['1310']
Dominican Republic,DO,Latin America and the Caribbean,1,1,0,0,0,0,['Colonial City of Santo Domingo'],['526']
Haiti,HT,Latin America and the Caribbean,1,1,0,0,0,0,"['National History Park – Citadel, Sans Souci, Ramiers']",['180']
Jerusalem (Site proposed by Jordan),,Arab States,1,1,0,0,1,0,['Old City of Jerusalem and its Walls'],['148']
Paraguay,PY,Latin America and the Caribbean,1,1,0,0,0,0,['Jesuit Missions of La Santísima Trinidad de Paraná and Jesús de Tavarangue'],['648']
Qatar,QA,Arab States,1,1,0,0,0,0,['Al Zubarah Archaeological Site'],['1402']
San Marino,SM,Europe and North America,1,1,0,0,0,0,['San Marino Historic Centre and Mount Titano'],['1245']
Vanuatu,VU,Asia and the Pacific,1,1,0,0,0,0,['Chief Roi Mata’s Domain'],['1280']
Zambia,ZM,Africa,1,0,1,0,0,1,['Mosi-oa-Tunya / Victoria Falls'],['509']
Antigua and Barbuda,AG,Latin America and the Caribbean,1,1,0,0,0,0,['Antigua Naval Dockyard and Related Archaeological Sites'],['1499']
Barbados,BB,Latin America and the Caribbean,1,1,0,0,0,0,['Historic Bridgetown and its Garrison'],['1376']
Republic of Moldova,MD,Europe and North America,1,1,0,0,0,1,['Struve Geodetic Arc'],['1187']
Belize,BZ,Latin America and the Caribbean,1,0,1,0,0,0,['Belize Barrier Reef Reserve System'],['764']
Guinea,GN,Africa,1,0,1,0,1,1,['Mount Nimba Strict Nature Reserve'],['155']
El Salvador,SV,Latin America and the Caribbean,1,1,0,0,0,0,['Joya de Cerén Archaeological Site'],['675']
Eritrea,ER,Africa,1,1,0,0,0,0,['Asmara: A Modernist African City'],['1550']
Guinea-Bissau,GW,Africa,1,0,1,0,0,0,['Coastal and Marine Ecosystems of the Bijagós Archipelago – Omatí Minhô'],['1431']
Luxembourg,LU,Europe and North America,1,1,0,0,0,0,['City of Luxembourg: its Old Quarters and Fortifications'],['699']
Micronesia (Federated States of),FM,Asia and the Pacific,1,1,0,0,1,0,['Nan Madol: Ceremonial Centre of Eastern Micronesia'],['1503']
Palau,PW,Asia and the Pacific,1,0,0,1,0,0,['Rock Islands Southern Lagoon'],['1386']
Papua New Guinea,PG,Asia and the Pacific,1,1,0,0,0,0,['Kuk Early Agricultural Site'],['887']
Saint Lucia,LC,Latin America and the Caribbean,1,0,1,0,0,0,['Pitons Management Area'],['1161']
